{"stat.chestOpened":6,"stat.walkOneCm":33961,"stat.craftItem.minecraft.bed":1,"stat.useItem.minecraft.bread":2,"stat.useItem.minecraft.torch":4,"stat.pickup.minecraft.crafting_table":2,"stat.mineBlock.minecraft.cobblestone":6,"stat.craftItem.minecraft.crafting_table":1,"stat.furnaceInteraction":1,"stat.pickup.minecraft.carpet":13,"stat.mineBlock.minecraft.coal_ore":1,"stat.craftItem.minecraft.wool":4,"stat.useItem.minecraft.potion":1,"stat.pickup.minecraft.log":16,"stat.jump":192,"stat.swimOneCm":651,"stat.pickup.zawa.worm":1,"stat.mineBlock.treasure2.milk_crate":1,"stat.pickup.minecraft.coal":1,"stat.fallOneCm":4155,"stat.useItem.minecraft.planks":1,"stat.pickup.tombstone.crafting_ingredient":6,"stat.useItem.minecraft.stone_axe":66,"stat.craftItem.minecraft.bread":2,"stat.crouchOneCm":564,"stat.craftItem.minecraft.torch":20,"stat.pickup.minecraft.dirt":60,"stat.useItem.minecraft.dirt":9,"stat.sprintOneCm":18296,"stat.useItem.minecraft.stone_slab2":9,"stat.craftItem.minecraft.stick":16,"stat.craftItem.minecraft.wooden_axe":1,"stat.pickup.tombstone.magic_scroll":1,"stat.craftingTableInteraction":11,"stat.pickup.minecraft.iron_ore":5,"stat.pickup.minecraft.rotten_flesh":18,"stat.craftItem.minecraft.furnace":1,"stat.craftItem.minecraft.planks":24,"stat.craftItem.minecraft.stone_axe":1,"stat.mineBlock.minecraft.crafting_table":2,"stat.pickup.treasure2.milk_crate":1,"stat.damageTaken":178,"stat.craftItem.minecraft.stone_pickaxe":1,"stat.useItem.minecraft.wooden_pickaxe":11,"stat.pickup.minecraft.cobblestone":25,"stat.mobKills":28,"stat.mineBlock.minecraft.log":16,"stat.mineBlock.minecraft.carpet":13,"stat.craftItem.minecraft.stone_sword":1,"stat.flyOneCm":24685,"tombstone:undead_killed":28,"stat.pickup.minecraft.wheat_seeds":2,"stat.mineBlock.minecraft.leaves":5,"stat.playOneMinute":21892,"stat.useItem.minecraft.stone_pickaxe":28,"stat.sneakTime":1296,"stat.craftItem.minecraft.iron_pickaxe":1,"stat.useItem.minecraft.stone_sword":53,"stat.damageDealt":5342,"stat.mineBlock.minecraft.iron_ore":5,"stat.killEntity.Zombie":28,"stat.sleepInBed":1,"stat.pickup.zawa.care_guide":1,"stat.timeSinceDeath":21892,"stat.useItem.minecraft.wooden_axe":33,"stat.mineBlock.minecraft.dirt":60,"stat.useItem.minecraft.iron_pickaxe":2,"stat.craftItem.minecraft.wooden_pickaxe":1,"stat.mineBlock.minecraft.stone":19,"stat.mineBlock.minecraft.tallgrass":1,"stat.diveOneCm":2269}