{"stat.chestOpened":9,"stat.walkOneCm":46661,"stat.craftItem.minecraft.bed":1,"stat.useItem.minecraft.bread":2,"stat.useItem.minecraft.torch":4,"stat.pickup.minecraft.iron_nugget":4,"stat.leaveGame":1,"stat.pickup.minecraft.crafting_table":2,"stat.mineBlock.minecraft.cobblestone":6,"stat.craftItem.minecraft.crafting_table":1,"stat.furnaceInteraction":4,"stat.craftItem.minecraft.iron_axe":1,"stat.pickup.minecraft.carpet":13,"stat.mineBlock.minecraft.coal_ore":9,"stat.craftItem.minecraft.wool":4,"stat.useItem.minecraft.potion":1,"stat.pickup.minecraft.log":16,"stat.useItem.minecraft.rotten_flesh":8,"stat.jump":325,"stat.swimOneCm":6021,"stat.pickup.zawa.worm":1,"stat.mineBlock.treasure2.milk_crate":1,"stat.pickup.minecraft.coal":10,"stat.fallOneCm":5885,"stat.useItem.minecraft.planks":1,"stat.pickup.tombstone.crafting_ingredient":6,"stat.useItem.minecraft.stone_axe":66,"stat.craftItem.minecraft.stone_slab2":0,"stat.craftItem.minecraft.bread":2,"stat.crouchOneCm":564,"stat.craftItem.minecraft.torch":20,"stat.craftItem.minecraft.iron_ingot":5,"stat.pickup.minecraft.dirt":63,"stat.useItem.minecraft.dirt":11,"stat.sprintOneCm":39048,"stat.useItem.minecraft.stone_slab2":9,"stat.craftItem.minecraft.stick":20,"stat.craftItem.minecraft.wooden_axe":1,"stat.pickup.tombstone.magic_scroll":1,"stat.craftingTableInteraction":14,"stat.pickup.minecraft.iron_ore":5,"stat.pickup.minecraft.rotten_flesh":18,"stat.craftItem.minecraft.furnace":1,"stat.craftItem.minecraft.planks":28,"stat.useItem.minecraft.iron_sword":1,"stat.craftItem.minecraft.stone_axe":1,"stat.mineBlock.minecraft.crafting_table":2,"stat.pickup.treasure2.milk_crate":1,"stat.damageTaken":533,"stat.craftItem.minecraft.stone_pickaxe":1,"stat.useItem.minecraft.wooden_pickaxe":11,"stat.killEntity.grimoireofgaia.harpy":2,"stat.pickup.minecraft.cobblestone":32,"stat.mobKills":30,"stat.mineBlock.minecraft.log":16,"stat.mineBlock.minecraft.carpet":13,"stat.craftItem.minecraft.stone_sword":1,"stat.flyOneCm":52410,"stat.deaths":1,"tombstone:undead_killed":28,"stat.entityKilledBy.firedragon":1,"stat.pickup.minecraft.wheat_seeds":4,"stat.mineBlock.minecraft.leaves":5,"stat.playOneMinute":29090,"stat.useItem.minecraft.stone_pickaxe":28,"stat.sneakTime":1300,"stat.craftItem.minecraft.iron_pickaxe":1,"stat.useItem.minecraft.stone_sword":74,"stat.damageDealt":6311,"stat.mineBlock.minecraft.iron_ore":5,"stat.killEntity.Zombie":28,"stat.sleepInBed":1,"stat.pickup.zawa.care_guide":1,"stat.timeSinceDeath":0,"stat.useItem.minecraft.wooden_axe":33,"stat.mineBlock.minecraft.dirt":63,"stat.useItem.minecraft.iron_pickaxe":13,"stat.craftItem.minecraft.wooden_pickaxe":1,"stat.mineBlock.minecraft.stone":20,"stat.mineBlock.minecraft.tallgrass":1,"stat.diveOneCm":6895,"stat.craftItem.minecraft.iron_sword":1}