{"stats":{"minecraft:custom":{"minecraft:time_since_rest":8214,"minecraft:interact_with_furnace":3,"minecraft:sprint_one_cm":20640,"minecraft:damage_taken":50,"minecraft:walk_one_cm":7457,"minecraft:mob_kills":4,"minecraft:damage_dealt":280,"minecraft:swim_one_cm":5607,"minecraft:interact_with_crafting_table":5,"minecraft:fly_one_cm":30195,"minecraft:play_time":8214,"minecraft:walk_under_water_one_cm":352,"minecraft:jump":126,"minecraft:leave_game":1,"minecraft:time_since_death":8214,"minecraft:walk_on_water_one_cm":51,"minecraft:total_world_time":8214,"minecraft:fall_one_cm":6094},"minecraft:picked_up":{"minecraft:crafting_table":1,"minecraft:chicken":1,"minecraft:oak_log":10,"minecraft:dirt":1,"minecraft:mutton":5,"minecraft:white_wool":3,"minecraft:cobblestone":24},"minecraft:crafted":{"minecraft:oak_planks":20,"minecraft:crafting_table":1,"minecraft:stick":8,"minecraft:wooden_pickaxe":1,"minecraft:stone_pickaxe":1,"minecraft:wooden_axe":1,"minecraft:furnace":1,"minecraft:white_bed":1,"minecraft:stone_axe":1,"minecraft:cooked_mutton":2,"minecraft:air":0},"minecraft:mined":{"minecraft:crafting_table":1,"minecraft:grass_block":1,"minecraft:oak_log":10,"minecraft:tall_grass":1,"minecraft:stone":24,"minecraft:oak_leaves":2},"minecraft:used":{"minecraft:cooked_mutton":2,"minecraft:wooden_axe":13,"minecraft:wooden_pickaxe":24,"minecraft:stone_axe":1,"minecraft:crafting_table":2,"minecraft:furnace":1,"minecraft:white_bed":1},"minecraft:killed":{"minecraft:sheep":3,"minecraft:chicken":1}},"DataVersion":3465}