{"stat.chestOpened":2,"stat.walkOneCm":22523,"stat.pickup.minecraft.crafting_table":2,"stat.mineBlock.minecraft.cobblestone":1,"stat.craftItem.minecraft.crafting_table":1,"stat.pickup.minecraft.carpet":13,"stat.pickup.minecraft.log":16,"stat.jump":127,"stat.swimOneCm":651,"stat.mineBlock.treasure2.milk_crate":1,"stat.fallOneCm":3522,"stat.useItem.minecraft.planks":1,"stat.useItem.minecraft.stone_axe":42,"stat.pickup.minecraft.dirt":30,"stat.sprintOneCm":14389,"stat.useItem.minecraft.stone_slab2":2,"stat.craftItem.minecraft.stick":8,"stat.craftItem.minecraft.wooden_axe":1,"stat.craftingTableInteraction":2,"stat.pickup.minecraft.iron_ore":3,"stat.pickup.minecraft.rotten_flesh":2,"stat.craftItem.minecraft.planks":16,"stat.craftItem.minecraft.stone_axe":1,"stat.mineBlock.minecraft.crafting_table":2,"stat.pickup.treasure2.milk_crate":1,"stat.damageTaken":90,"stat.craftItem.minecraft.stone_pickaxe":1,"stat.useItem.minecraft.wooden_pickaxe":11,"stat.pickup.minecraft.cobblestone":20,"stat.mobKills":9,"stat.mineBlock.minecraft.log":16,"stat.mineBlock.minecraft.carpet":13,"stat.flyOneCm":22707,"tombstone:undead_killed":9,"stat.pickup.minecraft.wheat_seeds":2,"stat.mineBlock.minecraft.leaves":5,"stat.playOneMinute":10192,"stat.useItem.minecraft.stone_pickaxe":12,"stat.sneakTime":22,"stat.damageDealt":1995,"stat.mineBlock.minecraft.iron_ore":3,"stat.killEntity.Zombie":9,"stat.pickup.zawa.care_guide":1,"stat.timeSinceDeath":10192,"stat.useItem.minecraft.wooden_axe":33,"stat.mineBlock.minecraft.dirt":30,"stat.craftItem.minecraft.wooden_pickaxe":1,"stat.mineBlock.minecraft.stone":19,"stat.diveOneCm":2269}