{"stat.chestOpened":9,"stat.useItem.minecraft.iron_axe":14,"stat.leaveGame":1,"stat.mineBlock.minecraft.cobblestone":6,"stat.craftItem.minecraft.iron_axe":1,"stat.craftItem.minecraft.wool":4,"stat.useItem.minecraft.potion":1,"stat.useItem.minecraft.rotten_flesh":8,"stat.pickup.minecraft.stone_brick_stairs":1,"stat.jump":640,"stat.swimOneCm":10195,"stat.pickup.zawa.worm":1,"stat.mineBlock.treasure2.milk_crate":1,"stat.pickup.minecraft.coal":10,"stat.fallOneCm":12273,"stat.useItem.minecraft.planks":1,"stat.useItem.minecraft.stone_axe":66,"stat.craftItem.minecraft.bread":2,"stat.crouchOneCm":564,"stat.craftItem.minecraft.torch":20,"stat.craftItem.minecraft.iron_ingot":5,"stat.pickup.minecraft.dirt":63,"stat.useItem.minecraft.dirt":11,"stat.useItem.minecraft.stone_slab2":9,"stat.craftingTableInteraction":14,"stat.pickup.minecraft.iron_ore":5,"stat.pickup.minecraft.rotten_flesh":18,"stat.craftItem.minecraft.furnace":1,"stat.craftItem.minecraft.stone_axe":1,"stat.damageTaken":4302,"stat.pickup.minecraft.cobblestone_wall":1,"stat.craftItem.minecraft.stone_pickaxe":1,"stat.useItem.minecraft.wooden_pickaxe":11,"stat.pickup.minecraft.cobblestone":35,"stat.mineBlock.minecraft.carpet":13,"stat.craftItem.minecraft.stone_sword":1,"stat.flyOneCm":128085,"tombstone:undead_killed":28,"stat.entityKilledBy.firedragon":12,"stat.pickup.minecraft.wheat_seeds":4,"stat.useItem.minecraft.stone_pickaxe":28,"stat.useItem.minecraft.stone_sword":74,"stat.damageDealt":7051,"stat.mineBlock.minecraft.iron_ore":5,"stat.sleepInBed":2,"stat.timeSinceDeath":81,"stat.mineBlock.minecraft.dirt":63,"stat.useItem.minecraft.iron_pickaxe":13,"stat.craftItem.minecraft.wooden_pickaxe":1,"stat.craftItem.minecraft.iron_sword":1,"stat.pickup.minecraft.mossy_cobblestone":1,"stat.walkOneCm":59904,"stat.craftItem.minecraft.bed":1,"stat.useItem.minecraft.bread":2,"stat.useItem.minecraft.torch":4,"stat.pickup.minecraft.iron_nugget":4,"stat.pickup.minecraft.crafting_table":2,"stat.pickup.minecraft.stonebrick":4,"stat.craftItem.minecraft.crafting_table":1,"stat.furnaceInteraction":4,"stat.pickup.minecraft.carpet":13,"stat.mineBlock.minecraft.coal_ore":9,"stat.pickup.minecraft.log":16,"stat.pickup.tombstone.crafting_ingredient":6,"stat.craftItem.minecraft.stone_slab2":0,"stat.sprintOneCm":82719,"stat.craftItem.minecraft.stick":20,"stat.craftItem.minecraft.wooden_axe":1,"stat.pickup.tombstone.magic_scroll":1,"stat.pickup.minecraft.banner":1,"stat.craftItem.minecraft.planks":28,"stat.useItem.minecraft.iron_sword":26,"stat.mineBlock.minecraft.crafting_table":2,"stat.pickup.treasure2.milk_crate":1,"stat.killEntity.grimoireofgaia.harpy":2,"stat.pickup.minecraft.dark_oak_stairs":2,"stat.mobKills":30,"stat.mineBlock.minecraft.log":16,"stat.deaths":14,"stat.mineBlock.minecraft.leaves":5,"stat.playOneMinute":38731,"stat.sneakTime":1300,"stat.craftItem.minecraft.iron_pickaxe":1,"stat.killEntity.Zombie":28,"stat.pickup.zawa.care_guide":1,"stat.useItem.minecraft.wooden_axe":33,"stat.mineBlock.minecraft.stone":20,"stat.mineBlock.minecraft.tallgrass":2,"stat.diveOneCm":35203}