{"stat.chestOpened":5,"stat.walkOneCm":57193,"stat.craftItem.minecraft.bed":1,"stat.pickup.minecraft.spruce_door":1,"stat.useItem.minecraft.bread":2,"stat.useItem.minecraft.torch":16,"stat.pickup.botania.mushroom":1,"stat.useItem.minecraft.stone":31,"stat.mineBlock.chisel.marble2":4,"stat.pickup.minecraft.crafting_table":1,"stat.mineBlock.minecraft.ice":1,"stat.useItem.minecraft.cobblestone":26,"stat.craftItem.minecraft.crafting_table":1,"stat.furnaceInteraction":3,"stat.mineBlock.minecraft.coal_ore":26,"stat.killEntity.grimoireofgaia.vase":1,"stat.talkedToVillager":4,"stat.pickup.minecraft.log":8,"stat.mineBlock.botania.mushroom":1,"stat.swimOneCm":838,"stat.jump":224,"stat.pickup.minecraft.coal":26,"stat.fallOneCm":3492,"stat.useItem.minecraft.planks":3,"stat.useItem.tombstone.gift":1,"stat.pickup.minecraft.furnace":1,"stat.useItem.minecraft.cooked_mutton":1,"stat.craftItem.minecraft.stone_slab2":0,"stat.mineBlock.evilcraft.dark_ore":1,"stat.pickup.minecraft.stone":36,"stat.crouchOneCm":2345,"stat.craftItem.minecraft.chest":1,"stat.craftItem.minecraft.torch":32,"stat.pickup.minecraft.dirt":13,"stat.sprintOneCm":38106,"stat.pickup.minecraft.red_mushroom":2,"stat.useItem.minecraft.stone_slab2":7,"stat.craftItem.minecraft.stick":12,"stat.craftItem.minecraft.wooden_axe":1,"stat.mineBlock.minecraft.red_mushroom":2,"stat.craftingTableInteraction":5,"stat.pickup.minecraft.iron_ore":18,"stat.pickup.minecraft.gold_ore":1,"stat.craftItem.minecraft.planks":32,"stat.damageTaken":511,"stat.mineBlock.minecraft.crafting_table":1,"stat.mineBlock.minecraft.furnace":1,"stat.mineBlock.minecraft.torch":1,"stat.useItem.minecraft.wooden_pickaxe":1,"stat.pickup.evilcraft.dark_gem":3,"stat.mobKills":3,"stat.pickup.minecraft.cobblestone":94,"stat.mineBlock.minecraft.log":8,"stat.useItem.spartanweaponry.halberd_iron":2,"stat.pickup.minecraft.planks":1,"stat.flyOneCm":27340,"stat.deaths":1,"stat.mineBlock.minecraft.planks":1,"stat.entityKilledBy.firedragon":1,"stat.mineBlock.minecraft.leaves":2,"stat.playOneMinute":21235,"stat.pickup.minecraft.torch":1,"stat.killEntity.Sheep":2,"stat.sneakTime":1776,"stat.pickup.minecraft.wool":3,"stat.damageDealt":438,"stat.mineBlock.minecraft.iron_ore":18,"stat.sleepInBed":1,"stat.pickup.zawa.care_guide":1,"stat.timeSinceDeath":19263,"stat.useItem.minecraft.wooden_axe":9,"stat.mineBlock.minecraft.dirt":14,"stat.useItem.minecraft.iron_pickaxe":187,"stat.craftItem.minecraft.wooden_pickaxe":1,"stat.mineBlock.minecraft.stone":129,"stat.mineBlock.minecraft.gold_ore":3,"stat.pickup.chisel.marble2":4,"stat.craftItem.minecraft.cooked_mutton":4,"stat.diveOneCm":157,"stat.pickup.minecraft.mutton":4}