{"stats":{"minecraft:custom":{"minecraft:time_since_rest":4793,"minecraft:play_time":4793,"minecraft:sprint_one_cm":9614,"minecraft:damage_taken":50,"minecraft:walk_one_cm":4503,"minecraft:jump":54,"minecraft:time_since_death":4793,"minecraft:total_world_time":4793,"minecraft:fall_one_cm":3737,"minecraft:interact_with_crafting_table":1,"minecraft:fly_one_cm":12959},"minecraft:picked_up":{"minecraft:crafting_table":1,"minecraft:oak_log":10,"minecraft:dirt":1,"minecraft:cobblestone":16},"minecraft:crafted":{"minecraft:oak_planks":20,"minecraft:crafting_table":1,"minecraft:stick":4,"minecraft:wooden_pickaxe":1,"minecraft:wooden_axe":1},"minecraft:mined":{"minecraft:grass_block":1,"minecraft:oak_log":10,"minecraft:stone":16,"minecraft:oak_leaves":2,"minecraft:crafting_table":1},"minecraft:used":{"minecraft:wooden_axe":7,"minecraft:crafting_table":1,"minecraft:wooden_pickaxe":16}},"DataVersion":3465}