{"stats":{"minecraft:picked_up":{"minecraft:stick":11,"minecraft:crafting_table":1,"iceandfire:copper_ore":1,"minecraft:brown_mushroom":1,"minecraft:stone_slab":1,"minecraft:torch":1,"minecraft:oak_log":39,"minecraft:diorite":3,"minecraft:dirt":6,"minecraft:apple":5,"ars_nouveau:worn_notebook":1,"minecraft:granite":1,"minecraft:oak_boat":1,"minecraft:iron_ore":7,"minecraft:oak_sapling":34,"minecraft:sugar_cane":2,"minecraft:coal":32,"minecraft:cobblestone":175,"minecraft:furnace":1},"minecraft:custom":{"minecraft:time_since_rest":27558,"minecraft:interact_with_furnace":6,"minecraft:sprint_one_cm":28007,"minecraft:damage_taken":165,"minecraft:walk_one_cm":46638,"minecraft:damage_dealt":115,"minecraft:swim_one_cm":4689,"minecraft:interact_with_crafting_table":9,"minecraft:fly_one_cm":25666,"minecraft:play_one_minute":27558,"minecraft:crouch_one_cm":879,"minecraft:sneak_time":692,"minecraft:walk_under_water_one_cm":979,"minecraft:boat_one_cm":43349,"minecraft:jump":273,"minecraft:leave_game":1,"minecraft:walk_on_water_one_cm":1522,"minecraft:time_since_death":27558,"minecraft:fall_one_cm":2744},"minecraft:mined":{"minecraft:brown_mushroom":1,"iceandfire:copper_ore":1,"minecraft:furnace":1,"minecraft:iron_ore":7,"minecraft:crafting_table":1,"minecraft:torch":1,"minecraft:grass":2,"minecraft:oak_log":39,"minecraft:grass_block":3,"minecraft:coal_ore":20,"minecraft:dirt":3,"minecraft:stone_slab":1,"minecraft:cobblestone":2,"minecraft:stone":165,"minecraft:sugar_cane":7,"minecraft:oak_leaves":1},"minecraft:crafted":{"minecraft:oak_boat":1,"minecraft:oak_planks":48,"minecraft:crafting_table":2,"minecraft:stick":16,"minecraft:iron_pickaxe":1,"minecraft:iron_ingot":7,"minecraft:wooden_pickaxe":1,"minecraft:stone_pickaxe":1,"minecraft:wooden_axe":1,"minecraft:furnace":1,"minecraft:bucket":1,"minecraft:torch":20,"minecraft:stone_axe":1,"minecraft:air":0},"minecraft:used":{"minecraft:oak_log":33,"minecraft:diorite":3,"minecraft:apple":4,"minecraft:stone_pickaxe":131,"minecraft:iron_pickaxe":7,"minecraft:wooden_pickaxe":59,"minecraft:stone_axe":17,"minecraft:torch":7,"minecraft:dirt":4,"minecraft:cobblestone":32,"minecraft:crafting_table":2,"minecraft:furnace":1,"minecraft:bucket":1,"minecraft:oak_boat":1},"minecraft:broken":{"minecraft:stone_pickaxe":1,"minecraft:wooden_pickaxe":1}},"DataVersion":2586}