{"stat.pickup.grimoireofgaia.food_meat":1,"stat.walkOneCm":16533,"stat.craftItem.minecraft.bed":1,"stat.pickup.minecraft.iron_nugget":4,"stat.leaveGame":1,"stat.pickup.minecraft.crafting_table":1,"stat.useItem.minecraft.cobblestone":2,"stat.craftItem.minecraft.crafting_table":1,"stat.mineBlock.minecraft.coal_ore":7,"stat.pickup.chococraft.chocobo_feather":1,"stat.entityKilledBy.grimoireofgaia.harpy":1,"stat.killEntity.grimoireofgaia.satyress":2,"stat.pickup.minecraft.log":10,"stat.jump":178,"stat.swimOneCm":7486,"stat.pickup.minecraft.coal":7,"stat.fallOneCm":2674,"stat.useItem.minecraft.planks":3,"stat.useItem.minecraft.stone_axe":34,"stat.craftItem.minecraft.chest":1,"stat.pickup.minecraft.sapling":1,"stat.sprintOneCm":19471,"stat.useItem.minecraft.stone_slab2":5,"stat.craftItem.minecraft.stick":8,"stat.craftItem.minecraft.wooden_axe":1,"stat.craftingTableInteraction":4,"stat.pickup.minecraft.iron_ore":5,"stat.pickup.minecraft.sand":1,"stat.craftItem.minecraft.planks":40,"stat.craftItem.minecraft.stone_axe":1,"stat.damageTaken":370,"stat.mineBlock.minecraft.crafting_table":1,"stat.craftItem.minecraft.stone_pickaxe":1,"stat.useItem.minecraft.wooden_pickaxe":23,"stat.mobKills":6,"stat.pickup.minecraft.cobblestone":30,"stat.mineBlock.minecraft.log":10,"stat.pickup.minecraft.planks":1,"stat.flyOneCm":24255,"stat.mineBlock.minecraft.planks":1,"stat.deaths":1,"stat.mineBlock.minecraft.sand":2,"stat.mineBlock.minecraft.leaves":8,"stat.playOneMinute":17952,"stat.killEntity.Sheep":4,"stat.useItem.minecraft.stone_pickaxe":19,"stat.sneakTime":8,"stat.pickup.minecraft.wool":4,"stat.damageDealt":2229,"stat.mineBlock.minecraft.iron_ore":5,"stat.sleepInBed":1,"stat.pickup.zawa.care_guide":1,"stat.timeSinceDeath":10220,"stat.useItem.minecraft.wooden_axe":11,"stat.craftItem.minecraft.wooden_pickaxe":1,"stat.mineBlock.minecraft.stone":30,"stat.mineBlock.minecraft.tallgrass":5,"stat.diveOneCm":18023,"stat.pickup.minecraft.mutton":4}