{"stats":{"minecraft:picked_up":{"minecraft:porkchop":1},"minecraft:custom":{"minecraft:jump":29,"minecraft:time_since_rest":2263,"minecraft:damage_dealt":100,"minecraft:leave_game":1,"minecraft:sprint_one_cm":4578,"minecraft:play_time":2263,"minecraft:damage_taken":30,"minecraft:time_since_death":2263,"minecraft:walk_one_cm":2908,"minecraft:total_world_time":2263,"minecraft:mob_kills":1,"minecraft:fall_one_cm":987,"minecraft:fly_one_cm":4949},"minecraft:killed":{"minecraft:pig":1}},"DataVersion":3465}