{"stat.chestOpened":5,"stat.pickup.minecraft.spruce_door":1,"stat.pickup.botania.mushroom":6,"stat.useItem.minecraft.stone":31,"stat.pickup.minecraft.arrow":3,"stat.mineBlock.minecraft.ice":1,"stat.killEntity.grimoireofgaia.vase":2,"stat.mineBlock.botania.mushroom":6,"stat.swimOneCm":6980,"stat.jump":445,"stat.pickup.minecraft.coal":32,"stat.fallOneCm":4332,"stat.useItem.minecraft.planks":3,"stat.mineBlock.evilcraft.dark_ore":2,"stat.crouchOneCm":2345,"stat.pickup.grimoireofgaia.pickup_heart":5,"stat.craftItem.minecraft.chest":1,"stat.craftItem.minecraft.torch":32,"stat.pickup.minecraft.dirt":13,"stat.pickup.minecraft.red_mushroom":3,"stat.useItem.minecraft.stone_slab2":8,"stat.mineBlock.minecraft.red_mushroom":3,"stat.craftingTableInteraction":5,"stat.pickup.minecraft.iron_ore":52,"stat.pickup.minecraft.rotten_flesh":3,"stat.pickup.iceandfire.silver_ore":5,"stat.pickup.minecraft.gold_ore":18,"stat.damageTaken":677,"stat.pickup.minecraft.name_tag":1,"stat.mineBlock.minecraft.furnace":1,"stat.mineBlock.minecraft.torch":1,"stat.useItem.minecraft.wooden_pickaxe":1,"stat.pickup.evilcraft.dark_gem":6,"stat.pickup.minecraft.cobblestone":112,"stat.pickup.minecraft.planks":1,"stat.flyOneCm":36110,"stat.entityKilledBy.firedragon":1,"tombstone:undead_killed":4,"stat.damageDealt":1401,"stat.pickup.minecraft.redstone":41,"stat.mineBlock.minecraft.iron_ore":52,"stat.sleepInBed":2,"stat.timeSinceDeath":31863,"stat.mineBlock.minecraft.dirt":14,"stat.useItem.minecraft.iron_pickaxe":280,"stat.craftItem.minecraft.wooden_pickaxe":1,"stat.pickup.minecraft.mutton":4,"stat.craftItem.minecraft.bed":1,"stat.walkOneCm":96089,"stat.useItem.minecraft.bread":4,"stat.useItem.minecraft.torch":26,"stat.pickup.minecraft.golden_apple":1,"stat.mineBlock.iceandfire.silver_ore":5,"stat.mineBlock.chisel.marble2":4,"stat.pickup.minecraft.crafting_table":1,"stat.useItem.minecraft.cobblestone":56,"stat.craftItem.minecraft.crafting_table":1,"stat.furnaceInteraction":3,"stat.mineBlock.minecraft.coal_ore":30,"stat.talkedToVillager":4,"stat.pickup.extrautils2.ingredients":1,"stat.pickup.botania.manaresource":5,"stat.pickup.minecraft.log":8,"stat.useItem.tombstone.gift":1,"stat.pickup.minecraft.furnace":1,"stat.useItem.minecraft.cooked_mutton":1,"stat.craftItem.minecraft.stone_slab2":0,"stat.pickup.minecraft.stone":43,"stat.sprintOneCm":54067,"stat.craftItem.minecraft.wooden_axe":1,"stat.craftItem.minecraft.stick":12,"stat.pickup.tombstone.magic_scroll":1,"stat.killEntity.Skeleton":2,"stat.craftItem.minecraft.planks":32,"stat.mineBlock.minecraft.diamond_ore":4,"stat.mineBlock.minecraft.crafting_table":1,"stat.mobKills":8,"stat.mineBlock.minecraft.log":8,"stat.useItem.spartanweaponry.halberd_iron":21,"stat.deaths":1,"stat.mineBlock.minecraft.planks":1,"stat.pickup.minecraft.diamond":4,"stat.mineBlock.minecraft.leaves":2,"stat.playOneMinute":33835,"stat.pickup.minecraft.torch":1,"stat.killEntity.Sheep":2,"stat.mineBlock.minecraft.redstone_ore":9,"stat.sneakTime":1776,"stat.pickup.minecraft.wool":3,"stat.killEntity.Zombie":2,"stat.pickup.zawa.care_guide":1,"stat.useItem.minecraft.wooden_axe":9,"stat.mineBlock.minecraft.stone":148,"stat.mineBlock.minecraft.gold_ore":18,"stat.pickup.chisel.marble2":4,"stat.craftItem.minecraft.cooked_mutton":4,"stat.diveOneCm":157,"stat.pickup.bountifulbaubles.potionwormhole":1}